Fund Name,P1,P2,P3,P4,P5,Topsis Score,Rank
M1,0.9,0.81,5.0,65.7,18.1,0.7848283475732639,7
M2,0.6,0.36,5.8,58.1,16.22,0.4239603551945495,1
M3,0.68,0.46,5.6,37.5,11.06,0.1765952764345393,8
M4,0.72,0.52,6.6,36.7,11.14,0.1886190620146726,5
M5,0.66,0.44,3.1,59.0,15.8,0.5680570218465185,2
M6,0.62,0.38,4.6,45.2,12.7,0.28969019177367,6
M7,0.89,0.79,3.4,62.8,16.97,0.890436772510866,4
M8,0.77,0.59,3.5,65.1,17.49,0.7420916806077655,3
